{"canvas_points": [[85, 85], [546, 343], [623, 252], [764, 231]], "robot_points": [[0.33928571428571425, 30.647727272727273], [31.621428571428574, 12.470454545454544], [36.846428571428575, 18.881818181818183], [46.41428571428571, 20.361363636363635]], "segments": [{"index": 1, "start": [0.33928571428571425, 30.647727272727273], "end": [31.621428571428574, 12.470454545454544], "distance": 36.17990748380027, "interior_angle": null}, {"index": 2, "start": [31.621428571428574, 12.470454545454544], "end": [36.846428571428575, 18.881818181818183], "distance": 8.270804596753933, "interior_angle": 99.0188280698793}, {"index": 3, "start": [36.846428571428575, 18.881818181818183], "end": [46.41428571428571, 20.361363636363635], "distance": 9.6815776120521, "interior_angle": 137.96905630859771}]}