{"canvas_points": [[35, 35], [54, 34], [203, 245], [301, 79], [457, 149]], "robot_points": [[0.5588235294117647, 30.37246963562753], [2.6823529411764704, 30.49797570850202], [19.33529411764706, 4.016194331983805], [30.288235294117648, 24.8502024291498], [47.72352941176471, 16.06477732793522]], "segments": [{"index": 1, "start": [0.5588235294117647, 30.37246963562753], "end": [2.6823529411764704, 30.49797570850202], "distance": 2.127235045066279, "target_heading_deg": 3.382393850406629, "turn_delta_deg": 3.382393850406629, "interior_angle": null}, {"index": 2, "start": [2.6823529411764704, 30.49797570850202], "end": [19.33529411764706, 4.016194331983805], "distance": 31.282666042086255, "target_heading_deg": -57.836462552126314, "turn_delta_deg": -61.218856402532936, "interior_angle": 118.78114359746708}, {"index": 3, "start": [19.33529411764706, 4.016194331983805], "end": [30.288235294117648, 24.8502024291498], "distance": 23.537689219802424, "target_heading_deg": 62.26801112081359, "turn_delta_deg": 120.10447367293989, "interior_angle": 59.89552632706011}, {"index": 4, "start": [30.288235294117648, 24.8502024291498], "end": [47.72352941176471, 16.06477732793522], "distance": 19.523656808546633, "target_heading_deg": -26.742959464857986, "turn_delta_deg": -89.01097058567154, "interior_angle": 90.98902941432843}]}