{"canvas_points": [[40, 40], [518, 41]], "robot_points": [[0.5700000000000001, 30.345991561181435], [55.062, 30.21518987341772]], "segments": [{"index": 1, "start": [0.5700000000000001, 30.345991561181435], "end": [55.062, 30.21518987341772], "distance": 54.4921569868685, "target_heading_deg": -0.13753156918966614, "turn_delta_deg": -0.1375315691896617, "interior_angle": null}]}