{"canvas_points": [[40, 40], [109, 79], [169, 39]], "robot_points": [[0.5700000000000001, 30.345991561181435], [8.436, 25.244725738396625], [15.276000000000002, 30.476793248945146]], "segments": [{"index": 1, "start": [0.5700000000000001, 30.345991561181435], "end": [8.436, 25.244725738396625], "distance": 9.375333007136993, "target_heading_deg": -32.9642539288569, "turn_delta_deg": -32.96425392885692, "interior_angle": null}, {"index": 2, "start": [8.436, 25.244725738396625], "end": [15.276000000000002, 30.476793248945146], "distance": 8.611627629834992, "target_heading_deg": 37.41317475561876, "turn_delta_deg": 70.37742868447566, "interior_angle": 109.62257131552434}]}