{"canvas_points": [[40, 40], [133, 266], [276, 50], [397, 267], [521, 50]], "robot_points": [[0.5700000000000001, 30.345991561181435], [11.172, 0.7848101265822792], [27.474, 29.037974683544302], [41.268, 0.6540084388185643], [55.403999999999996, 29.037974683544302]], "segments": [{"index": 1, "start": [0.5700000000000001, 30.345991561181435], "end": [11.172, 0.7848101265822792], "distance": 31.404869874102168, "target_heading_deg": -70.26983020007538, "turn_delta_deg": -70.26983020007538, "interior_angle": null}, {"index": 2, "start": [11.172, 0.7848101265822792], "end": [27.474, 29.037974683544302], "distance": 32.61895938687768, "target_heading_deg": 60.015169543461866, "turn_delta_deg": 130.28499974353724, "interior_angle": 49.71500025646273}, {"index": 3, "start": [27.474, 29.037974683544302], "end": [41.268, 0.6540084388185643], "distance": 31.558263193365537, "target_heading_deg": -64.08124025237737, "turn_delta_deg": -124.09640979583924, "interior_angle": 55.90359020416075}, {"index": 4, "start": [41.268, 0.6540084388185643], "end": [55.403999999999996, 29.037974683544302], "distance": 31.709242119321143, "target_heading_deg": 63.5254260039907, "turn_delta_deg": 127.60666625636804, "interior_angle": 52.393333743631956}]}