{"canvas_points": [[85, 85], [897, 88], [909, 467], [115, 509], [91, 125]], "robot_points": [[0.33928571428571425, 30.647727272727273], [55.43928571428572, 30.436363636363637], [56.25357142857143, 3.73409090909091], [2.375, 0.7750000000000007], [0.7464285714285714, 27.829545454545453]], "segments": [{"index": 1, "start": [0.33928571428571425, 30.647727272727273], "end": [55.43928571428572, 30.436363636363637], "distance": 55.10040539403296, "interior_angle": null}, {"index": 2, "start": [55.43928571428572, 30.436363636363637], "end": [56.25357142857143, 3.73409090909091], "distance": 26.714685662124918, "interior_angle": 91.96647885910633}, {"index": 3, "start": [56.25357142857143, 3.73409090909091], "end": [2.375, 0.7750000000000007], "distance": 53.95976907096562, "interior_angle": 91.39691752206754}, {"index": 4, "start": [2.375, 0.7750000000000007], "end": [0.7464285714285714, 27.829545454545453], "distance": 27.103517754159242, "interior_angle": 90.3012006912645}]}