{"canvas_points": [[35, 35], [177, 266], [268, 40]], "robot_points": [[0.5588235294117647, 30.37246963562753], [16.429411764705883, 1.3805668016194326], [26.6, 29.74493927125506]], "segments": [{"index": 1, "start": [0.5588235294117647, 30.37246963562753], "end": [16.429411764705883, 1.3805668016194326], "distance": 33.051565785463524, "target_heading_deg": -61.303063818414785, "turn_delta_deg": -61.303063818414785, "interior_angle": null}, {"index": 2, "start": [16.429411764705883, 1.3805668016194326], "end": [26.6, 29.74493927125506], "distance": 30.132681438068644, "target_heading_deg": 70.2737337919538, "turn_delta_deg": 131.5767976103686, "interior_angle": 48.42320238963143}]}