{"canvas_points": [[40, 40], [132, 267], [269, 39], [384, 266], [518, 38]], "robot_points": [[0.5700000000000001, 30.345991561181435], [11.058, 0.6540084388185643], [26.676000000000002, 30.476793248945146], [39.785999999999994, 0.7848101265822792], [55.062, 30.60759493670886]], "segments": [{"index": 1, "start": [0.5700000000000001, 30.345991561181435], "end": [11.058, 0.6540084388185643], "distance": 31.48987147859898, "target_heading_deg": -70.54542137281007, "turn_delta_deg": -70.5454213728101, "interior_angle": null}, {"index": 2, "start": [11.058, 0.6540084388185643], "end": [26.676000000000002, 30.476793248945146], "distance": 33.66482463686863, "target_heading_deg": 62.35923912304805, "turn_delta_deg": 132.90466049585814, "interior_angle": 47.09533950414186}, {"index": 3, "start": [26.676000000000002, 30.476793248945146], "end": [39.785999999999994, 0.7848101265822792], "distance": 32.457448478564686, "target_heading_deg": -66.17694375432332, "turn_delta_deg": -128.53618287737137, "interior_angle": 51.463817122628626}, {"index": 4, "start": [39.785999999999994, 0.7848101265822792], "end": [55.062, 30.60759493670886], "distance": 33.507531538911024, "target_heading_deg": 62.87730389250609, "turn_delta_deg": 129.05424764682942, "interior_angle": 50.945752353170604}]}