{"canvas_points": [[40, 40], [134, 47]], "robot_points": [[0.5700000000000001, 30.345991561181435], [11.286000000000001, 29.430379746835442]], "segments": [{"index": 1, "start": [0.5700000000000001, 30.345991561181435], "end": [11.286000000000001, 29.430379746835442], "distance": 10.755045373896383, "target_heading_deg": -4.883686492597233, "turn_delta_deg": -4.883686492597235, "interior_angle": null}]}